ID Region,Region,ID Comuna,Comuna,ID Administration,Administration,Average PSU,Average NEM,Number of records
1,Tarapacá,5,Alto Hospicio,1,Municipal,459.7980769230769,5.551052639358922,76.0
1,Tarapacá,5,Alto Hospicio,2,Particular Subvencionado,455.5536246276068,5.548646976195079,1289.0
1,Tarapacá,58,Colchane,1,Municipal,370.1666666666667,5.493333339691162,3.0
1,Tarapacá,108,Huara,1,Municipal,378.2307692307692,5.622666613260905,15.0
1,Tarapacá,108,Huara,2,Particular Subvencionado,,5.380000114440918,1.0
1,Tarapacá,113,Iquique,1,Municipal,445.32471264367814,5.56119629453422,877.0
1,Tarapacá,113,Iquique,2,Particular Subvencionado,514.7910216718266,5.680027340222783,2568.0
1,Tarapacá,113,Iquique,3,Particular Pagado,580.5619469026549,5.987235778715553,125.0
1,Tarapacá,113,Iquique,4,Corporación de Administración Delegada,432.49122807017545,5.367945207308416,75.0
1,Tarapacá,217,Pica,1,Municipal,443.55,5.658333321412404,24.0
1,Tarapacá,226,Pozo Almonte,1,Municipal,410.49142857142857,5.6240476131439205,211.0
1,Tarapacá,226,Pozo Almonte,2,Particular Subvencionado,373.0,4.900000095367432,1.0
2,Antofagasta,9,Antofagasta,1,Municipal,446.045598313126,5.5764513455499145,2365.0
2,Antofagasta,9,Antofagasta,2,Particular Subvencionado,520.5209611451943,5.608238491800958,2220.0
2,Antofagasta,9,Antofagasta,3,Particular Pagado,560.5695600475624,5.724391762743291,972.0
2,Antofagasta,19,Calama,1,Municipal,471.03838245373544,5.444533338961394,1734.0
2,Antofagasta,19,Calama,2,Particular Subvencionado,523.3288888888889,5.624281883879796,746.0
2,Antofagasta,19,Calama,3,Particular Pagado,550.8151658767772,5.745797111874535,484.0
2,Antofagasta,165,María Elena,1,Municipal,457.38392857142856,5.894531279802322,64.0
2,Antofagasta,170,Mejillones,1,Municipal,427.7151898734177,5.873052652258622,95.0
2,Antofagasta,297,San Pedro De Atacama,1,Municipal,460.67241379310343,5.5738709357477,32.0
2,Antofagasta,313,Taltal,1,Municipal,440.3235294117647,5.975741958618164,155.0
2,Antofagasta,321,Tocopilla,1,Municipal,392.136,5.475568862732299,167.0
2,Antofagasta,321,Tocopilla,2,Particular Subvencionado,508.27659574468083,5.653047629765102,105.0
3,Atacama,4,Alto Del Carmen,1,Municipal,447.9761904761905,5.583478264186693,23.0
3,Atacama,21,Caldera,1,Municipal,400.18518518518516,5.370857150214059,71.0
3,Atacama,21,Caldera,2,Particular Subvencionado,474.6082474226804,5.546363644166426,110.0
3,Atacama,39,Chañaral,1,Municipal,455.2,5.785590558540164,127.0
3,Atacama,39,Chañaral,2,Particular Subvencionado,449.42857142857144,5.8105555640326605,18.0
3,Atacama,68,Copiapó,1,Municipal,449.29201934703747,5.380735446045421,986.0
3,Atacama,68,Copiapó,2,Particular Subvencionado,519.5755968169761,5.521198772775602,1296.0
3,Atacama,68,Copiapó,3,Particular Pagado,619.9436090225564,6.02069181166355,159.0
3,Atacama,81,Diego De Almagro,1,Municipal,475.68333333333334,5.785092623145492,108.0
3,Atacama,81,Diego De Almagro,2,Particular Subvencionado,497.55371900826447,5.73225354140913,142.0
3,Atacama,93,Freirina,1,Municipal,434.6896551724138,5.842258114968577,32.0
3,Atacama,109,Huasco,1,Municipal,429.3357142857143,5.782073166312241,82.0
3,Atacama,317,Tierra Amarilla,1,Municipal,401.35057471264366,5.545999993218316,135.0
3,Atacama,330,Vallenar,1,Municipal,429.9808102345416,5.613992942938114,567.0
3,Atacama,330,Vallenar,2,Particular Subvencionado,541.347280334728,5.7970000267028805,261.0
3,Atacama,330,Vallenar,3,Particular Pagado,634.8939393939394,6.220285715375628,35.0
4,Coquimbo,7,Andacollo,1,Municipal,442.38392857142856,5.504062548279762,64.0
4,Coquimbo,7,Andacollo,2,Particular Subvencionado,461.1216216216216,5.6418421268463135,38.0
4,Coquimbo,27,Canela,1,Municipal,433.2717391304348,5.97137253892188,51.0
4,Coquimbo,62,Combarbalá,1,Municipal,446.020325203252,5.654964038793989,139.0
4,Coquimbo,62,Combarbalá,2,Particular Subvencionado,445.1521739130435,5.830384602913489,26.0
4,Coquimbo,69,Coquimbo,1,Municipal,457.10709504685406,5.478459904410622,937.0
4,Coquimbo,69,Coquimbo,2,Particular Subvencionado,489.8206465067779,5.550480220094157,2260.0
4,Coquimbo,111,Illapel,1,Municipal,433.04285714285714,5.561451116194861,318.0
4,Coquimbo,111,Illapel,2,Particular Subvencionado,509.8618784530387,5.701887760843549,196.0
4,Coquimbo,122,La Higuera,1,Municipal,364.5,5.5,1.0
4,Coquimbo,126,La Serena,1,Municipal,449.79542203147355,5.518267388267313,940.0
4,Coquimbo,126,La Serena,2,Particular Subvencionado,522.8511744966443,5.60361790650025,3404.0
4,Coquimbo,126,La Serena,3,Particular Pagado,590.3360655737705,5.869111580296981,485.0
4,Coquimbo,156,Los Vilos,1,Municipal,439.31404958677683,5.686275866935993,145.0
4,Coquimbo,156,Los Vilos,2,Particular Subvencionado,480.7654867256637,5.679062508046627,128.0
4,Coquimbo,174,Monte Patria,1,Municipal,445.0147058823529,5.611818191433741,121.0
4,Coquimbo,174,Monte Patria,2,Particular Subvencionado,470.6931818181818,5.446862753699808,51.0
4,Coquimbo,192,Ovalle,1,Municipal,459.64901664145236,5.5805471534640185,863.0
4,Coquimbo,192,Ovalle,2,Particular Subvencionado,516.9064824654623,5.640801112735249,1088.0
4,Coquimbo,192,Ovalle,3,Particular Pagado,645.1818181818181,6.012765955417715,47.0
4,Coquimbo,192,Ovalle,4,Corporación de Administración Delegada,427.0729166666667,5.201904766143314,63.0
4,Coquimbo,195,Paihuano,1,Municipal,414.72222222222223,5.460370416994448,27.0
4,Coquimbo,237,Punitaqui,1,Municipal,405.0,5.412586195715543,58.0
4,Coquimbo,237,Punitaqui,2,Particular Subvencionado,507.3333333333333,5.426842087193539,19.0
4,Coquimbo,271,Rio Hurtado,1,Municipal,403.2073170731707,5.4480851153109935,47.0
4,Coquimbo,278,Salamanca,1,Municipal,445.1985294117647,5.648461580276489,78.0
4,Coquimbo,278,Salamanca,2,Particular Subvencionado,480.35537190082647,5.711368825499096,263.0
4,Coquimbo,334,Vicuña,1,Municipal,418.5568181818182,5.460467302910636,107.0
4,Coquimbo,334,Vicuña,2,Particular Subvencionado,468.54146341463417,5.755910939050589,249.0
5,Valparaíso,1,Algarrobo,1,Municipal,434.8414634146341,5.5112244790914104,99.0
5,Valparaíso,1,Algarrobo,2,Particular Subvencionado,503.1818181818182,5.648000024159749,75.0
5,Valparaíso,16,Cabildo,1,Municipal,431.0894308943089,5.558678569112505,283.0
5,Valparaíso,16,Cabildo,2,Particular Subvencionado,544.2592592592592,5.7269491583614025,118.0
5,Valparaíso,22,Calera,1,Municipal,395.5217391304348,5.281811603601428,140.0
5,Valparaíso,22,Calera,2,Particular Subvencionado,514.4387755102041,5.691068710261629,530.0
5,Valparaíso,22,Calera,3,Particular Pagado,552.0079365079365,6.170307716956505,65.0
5,Valparaíso,22,Calera,4,Corporación de Administración Delegada,451.6465517241379,5.278455895536086,136.0
5,Valparaíso,24,Calle Larga,1,Municipal,401.8888888888889,5.032926850202607,41.0
5,Valparaíso,24,Calle Larga,2,Particular Subvencionado,455.06976744186045,5.467058817545573,51.0
5,Valparaíso,24,Calle Larga,3,Particular Pagado,588.3157894736842,6.04000000520186,22.0
5,Valparaíso,30,Cartagena,1,Municipal,427.2056074766355,5.593650806517828,126.0
5,Valparaíso,30,Cartagena,2,Particular Subvencionado,476.7919075144509,5.561157891624852,191.0
5,Valparaíso,31,Casablanca,1,Municipal,424.20081967213116,5.56924813851378,134.0
5,Valparaíso,31,Casablanca,2,Particular Subvencionado,486.7429906542056,5.67616666952769,243.0
5,Valparaíso,31,Casablanca,3,Particular Pagado,575.25,5.625,2.0
5,Valparaíso,33,Catemu,1,Municipal,391.34507042253523,5.390666669209798,75.0
5,Valparaíso,33,Catemu,2,Particular Subvencionado,433.625,5.475555594005282,63.0
5,Valparaíso,63,Con Cón,1,Municipal,416.8181818181818,5.5600000235993985,61.0
5,Valparaíso,63,Con Cón,2,Particular Subvencionado,537.3333333333334,5.758161292537566,310.0
5,Valparaíso,63,Con Cón,3,Particular Pagado,636.4070796460177,6.153615364661584,131.0
5,Valparaíso,86,El Quisco,1,Municipal,446.8333333333333,5.447692311727083,52.0
5,Valparaíso,86,El Quisco,2,Particular Subvencionado,495.02941176470586,5.592894742363377,38.0
5,Valparaíso,87,El Tabo,1,Municipal,433.90909090909093,5.541944450802273,36.0
5,Valparaíso,87,El Tabo,2,Particular Subvencionado,418.9852941176471,5.336607141154153,56.0
5,Valparaíso,103,Hijuelas,1,Municipal,424.47701149425285,5.557722780964162,102.0
5,Valparaíso,103,Hijuelas,2,Particular Subvencionado,503.9671052631579,5.81915664098349,83.0
5,Valparaíso,115,Isla De Pascua,1,Municipal,411.2173913043478,5.474571411950247,71.0
5,Valparaíso,115,Isla De Pascua,2,Particular Subvencionado,516.8942307692307,5.842727253653786,55.0
5,Valparaíso,116,Juan Fernandez,1,Municipal,467.65,5.643636443398216,11.0
5,Valparaíso,118,La Cruz,1,Municipal,424.8968253968254,5.485342469933915,74.0
5,Valparaíso,118,La Cruz,2,Particular Subvencionado,455.8225806451613,5.503676456563613,69.0
5,Valparaíso,123,La Ligua,1,Municipal,430.1809701492537,5.5395114087903154,308.0
5,Valparaíso,123,La Ligua,2,Particular Subvencionado,519.9839285714286,5.730827821011575,304.0
5,Valparaíso,138,Limache,1,Municipal,431.22429906542055,5.458666684892442,136.0
5,Valparaíso,138,Limache,2,Particular Subvencionado,474.0893854748603,5.543849777167951,641.0
5,Valparaíso,142,Llay Llay,1,Municipal,464.33660130718954,5.636358409947743,173.0
5,Valparaíso,142,Llay Llay,2,Particular Subvencionado,472.0422535211268,5.521898740454565,81.0
5,Valparaíso,151,Los Andes,1,Municipal,462.04605263157896,5.617688106609924,731.0
5,Valparaíso,151,Los Andes,2,Particular Subvencionado,504.6545667447307,5.664746842806852,474.0
5,Valparaíso,151,Los Andes,3,Particular Pagado,617.3823529411765,5.93487016566388,154.0
5,Valparaíso,151,Los Andes,4,Corporación de Administración Delegada,464.3160377358491,5.527196658705069,239.0
5,Valparaíso,183,Nogales,1,Municipal,424.4642857142857,5.576530602513527,49.0
5,Valparaíso,183,Nogales,2,Particular Subvencionado,446.6991341991342,5.57109024291648,267.0
5,Valparaíso,190,Olmué,1,Municipal,440.3775510204082,5.34898307767965,59.0
5,Valparaíso,190,Olmué,2,Particular Subvencionado,455.41975308641975,5.537142879360324,91.0
5,Valparaíso,201,Panquehue,1,Municipal,422.6,5.56509092504328,55.0
5,Valparaíso,201,Panquehue,3,Particular Pagado,620.375,6.11772725798867,22.0
5,Valparaíso,202,Papudo,1,Municipal,396.0,5.500232563462368,43.0
5,Valparaíso,215,Petorca,1,Municipal,424.1,5.642195143350741,82.0
5,Valparaíso,215,Petorca,2,Particular Subvencionado,467.05,5.933939384691643,33.0
5,Valparaíso,229,Puchuncaví,1,Municipal,437.4496124031008,5.6812162173760905,150.0
5,Valparaíso,242,Putaendo,1,Municipal,392.1818181818182,5.482105280223646,38.0
5,Valparaíso,242,Putaendo,2,Particular Subvencionado,450.0740740740741,5.644696972586892,67.0
5,Valparaíso,252,Quillota,1,Municipal,434.58251231527095,5.502698760651145,481.0
5,Valparaíso,252,Quillota,2,Particular Subvencionado,513.1362179487179,5.544019426882846,1034.0
5,Valparaíso,252,Quillota,3,Particular Pagado,563.5454545454545,5.799683263398943,443.0
5,Valparaíso,253,Quilpué,1,Municipal,431.609756097561,5.4593652669995825,907.0
5,Valparaíso,253,Quilpué,2,Particular Subvencionado,512.875843780135,5.587491236025827,2285.0
5,Valparaíso,253,Quilpué,3,Particular Pagado,523.4429530201343,5.651428572139385,161.0
5,Valparaíso,257,Quintero,1,Municipal,397.93333333333334,5.426052653998659,116.0
5,Valparaíso,257,Quintero,2,Particular Subvencionado,491.86103151862466,5.718253175518181,395.0
5,Valparaíso,268,Rinconada,2,Particular Subvencionado,485.2586206896552,5.415999984741211,30.0
5,Valparaíso,279,San Antonio,1,Municipal,446.3594527363184,5.618678429053219,457.0
5,Valparaíso,279,San Antonio,2,Particular Subvencionado,485.1793388429752,5.587038875889863,1417.0
5,Valparaíso,279,San Antonio,3,Particular Pagado,457.0,4.96999979019165,1.0
5,Valparaíso,283,San Esteban,1,Municipal,422.57142857142856,5.3662162084837215,74.0
5,Valparaíso,285,San Felipe,1,Municipal,449.9644128113879,5.603170033490623,352.0
5,Valparaíso,285,San Felipe,2,Particular Subvencionado,501.98304157549234,5.734832347967686,1015.0
5,Valparaíso,285,San Felipe,3,Particular Pagado,616.0648148148148,6.212325602538826,129.0
5,Valparaíso,285,San Felipe,4,Corporación de Administración Delegada,479.42290748898677,5.550544764745096,257.0
5,Valparaíso,306,Santa Maria,1,Municipal,412.43589743589746,5.302545486796986,55.0
5,Valparaíso,306,Santa Maria,2,Particular Subvencionado,421.1461538461538,5.458461535282624,79.0
5,Valparaíso,308,Santo Domingo,1,Municipal,488.7083333333333,5.687333329518636,106.0
5,Valparaíso,308,Santo Domingo,2,Particular Subvencionado,511.32278481012656,5.6113253444074145,83.0
5,Valparaíso,308,Santo Domingo,3,Particular Pagado,580.75,6.103333314259847,3.0
5,Valparaíso,331,Valparaiso,1,Municipal,460.5852439741329,5.499764943800057,2065.0
5,Valparaíso,331,Valparaiso,2,Particular Subvencionado,487.28155339805824,5.5525257820212675,3329.0
5,Valparaíso,331,Valparaiso,3,Particular Pagado,574.3447802197802,5.8251741264589985,403.0
5,Valparaíso,331,Valparaiso,4,Corporación de Administración Delegada,472.18099547511315,5.55642022975224,258.0
5,Valparaíso,337,Villa Alemana,1,Municipal,475.63839285714283,5.438575217465926,379.0
5,Valparaíso,337,Villa Alemana,2,Particular Subvencionado,527.3178939034046,5.619045616618374,1429.0
5,Valparaíso,337,Villa Alemana,3,Particular Pagado,587.3658536585366,5.901236376328902,278.0
5,Valparaíso,339,Viña Del Mar,1,Municipal,446.72940340909093,5.442622029416001,887.0
5,Valparaíso,339,Viña Del Mar,2,Particular Subvencionado,516.3467801628424,5.5721994644047195,2987.0
5,Valparaíso,339,Viña Del Mar,3,Particular Pagado,591.4065186246419,5.920115610231707,1571.0
5,Valparaíso,339,Viña Del Mar,4,Corporación de Administración Delegada,455.2763157894737,5.1711764868567975,170.0
5,Valparaíso,344,Zapallar,1,Municipal,481.765625,5.45760566415921,71.0
5,Valparaíso,344,Zapallar,2,Particular Subvencionado,529.1153846153846,5.872580651314028,31.0
6,O'Higgins,40,Chépica,1,Municipal,471.65294117647056,5.9749074202996715,108.0
6,O'Higgins,45,Chimbarongo,1,Municipal,470.71604938271605,5.932393632036574,189.0
6,O'Higgins,45,Chimbarongo,2,Particular Subvencionado,496.21854304635764,5.542983452918121,181.0
6,O'Higgins,52,Codegua,1,Municipal,415.55882352941177,5.600000004435694,86.0
6,O'Higgins,52,Codegua,2,Particular Subvencionado,428.38235294117646,5.570000012715657,18.0
6,O'Higgins,56,Coinco,1,Municipal,423.9259259259259,5.566388871934679,36.0
6,O'Higgins,61,Coltauco,1,Municipal,413.6730769230769,5.481834862210335,109.0
6,O'Higgins,61,Coltauco,2,Particular Subvencionado,449.3626373626374,5.4587155744570115,109.0
6,O'Higgins,82,Doñihue,1,Municipal,436.141975308642,5.387894735001681,114.0
6,O'Higgins,82,Doñihue,2,Particular Subvencionado,573.575,5.858032765935679,61.0
6,O'Higgins,101,Graneros,1,Municipal,414.18125,5.405272709239613,110.0
6,O'Higgins,101,Graneros,2,Particular Subvencionado,473.6556473829201,5.449069782745006,430.0
6,O'Higgins,133,Las Cabras,1,Municipal,430.3811188811189,5.690051822464701,193.0
6,O'Higgins,133,Las Cabras,2,Particular Subvencionado,553.1,5.7442424417746185,99.0
6,O'Higgins,140,Litueche,1,Municipal,480.1363636363636,5.712741959479548,62.0
6,O'Higgins,146,Lolol,1,Municipal,429.14285714285717,5.649122823748672,57.0
6,O'Higgins,159,Machalí,1,Municipal,418.7530120481928,5.433211699019384,137.0
6,O'Higgins,159,Machalí,2,Particular Subvencionado,529.3016304347826,5.709847316790476,394.0
6,O'Higgins,159,Machalí,3,Particular Pagado,602.9782608695652,5.850961561386402,208.0
6,O'Higgins,164,Marchigüe,1,Municipal,439.375,5.130625069141388,16.0
6,O'Higgins,175,San Francisco De Mostazal,1,Municipal,421.22727272727275,5.452105242506902,133.0
6,O'Higgins,175,San Francisco De Mostazal,2,Particular Subvencionado,435.6666666666667,5.232000017166138,10.0
6,O'Higgins,178,Nancagua,1,Municipal,420.7258064516129,5.564999998832236,98.0
6,O'Higgins,178,Nancagua,2,Particular Subvencionado,540.8163265306123,5.709807680203364,52.0
6,O'Higgins,180,Navidad,1,Municipal,424.2155172413793,5.5204225325248615,71.0
6,O'Higgins,188,Olivar,1,Municipal,421.6358695652174,5.337410735232489,112.0
6,O'Higgins,188,Olivar,2,Particular Subvencionado,463.5609756097561,5.538200044631958,50.0
6,O'Higgins,199,Palmilla,1,Municipal,421.79411764705884,5.535490223005707,51.0
6,O'Higgins,203,Paredones,1,Municipal,426.65384615384613,5.592666700151232,45.0
6,O'Higgins,213,Peralillo,1,Municipal,445.65,5.71587629908139,97.0
6,O'Higgins,216,Peumo,1,Municipal,412.05882352941177,5.6295522718287225,67.0
6,O'Higgins,216,Peumo,2,Particular Subvencionado,445.62,5.622985085444664,67.0
6,O'Higgins,218,Pichidegua,1,Municipal,425.2432432432432,5.5085365830398185,82.0
6,O'Higgins,219,Pichilemu,1,Municipal,476.0405405405405,5.6569767515788705,129.0
6,O'Higgins,219,Pichilemu,2,Particular Subvencionado,541.1428571428571,6.010952393213908,84.0
6,O'Higgins,223,Placilla,1,Municipal,400.55,5.5086666742960615,15.0
6,O'Higgins,255,Quinta De Tilcoco,1,Municipal,408.62,5.541562512516975,64.0
6,O'Higgins,255,Quinta De Tilcoco,2,Particular Subvencionado,500.4240506329114,5.789012320247697,81.0
6,O'Higgins,259,Rancagua,1,Municipal,494.6716281895504,5.605205693784979,1978.0
6,O'Higgins,259,Rancagua,2,Particular Subvencionado,489.2820284697509,5.566276773148977,1924.0
6,O'Higgins,259,Rancagua,3,Particular Pagado,615.8886010362694,5.949302683244473,674.0
6,O'Higgins,259,Rancagua,4,Corporación de Administración Delegada,477.1857798165138,5.366523493696379,746.0
6,O'Higgins,265,Rengo,1,Municipal,458.75180505415165,5.49060653935695,647.0
6,O'Higgins,265,Rengo,2,Particular Subvencionado,550.2120689655172,5.780903231713079,311.0
6,O'Higgins,266,Requinoa,1,Municipal,401.8557692307692,5.55141414777197,99.0
6,O'Higgins,266,Requinoa,2,Particular Subvencionado,543.2194444444444,5.638190959566202,199.0
6,O'Higgins,286,San Fernando,1,Municipal,465.136460554371,5.43969595190641,592.0
6,O'Higgins,286,San Fernando,2,Particular Subvencionado,531.3046511627907,5.647857153833394,742.0
6,O'Higgins,286,San Fernando,3,Particular Pagado,625.2404580152672,6.081632685499127,147.0
6,O'Higgins,286,San Fernando,4,Corporación de Administración Delegada,457.2774566473988,5.562772514695805,422.0
6,O'Higgins,302,San Vicente,1,Municipal,450.74813895781637,5.490876842889009,480.0
6,O'Higgins,302,San Vicente,2,Particular Subvencionado,557.6761229314421,5.707605946872194,473.0
6,O'Higgins,304,Santa Cruz,1,Municipal,460.079,5.658900534711375,575.0
6,O'Higgins,304,Santa Cruz,2,Particular Subvencionado,573.3366834170854,5.836825411876584,441.0
6,O'Higgins,304,Santa Cruz,3,Particular Pagado,608.78125,6.0197143009730745,35.0
7,Maule,34,Cauquenes,1,Municipal,460.02832244008715,5.70359925922967,542.0
7,Maule,34,Cauquenes,2,Particular Subvencionado,494.37105263157895,5.8810360410191995,222.0
7,Maule,38,Chanco,1,Municipal,442.9609375,5.7550684915830015,73.0
7,Maule,57,Colbún,1,Municipal,469.2686567164179,5.505952363922482,84.0
7,Maule,57,Colbún,2,Particular Subvencionado,404.5,5.349999934434891,16.0
7,Maule,66,Constitución,1,Municipal,460.0851063829787,5.444720514072395,161.0
7,Maule,66,Constitución,2,Particular Subvencionado,560.478,5.820106387983823,283.0
7,Maule,66,Constitución,3,Particular Pagado,676.875,6.4006667137146,30.0
7,Maule,66,Constitución,4,Corporación de Administración Delegada,456.28512396694214,5.46215827859563,140.0
7,Maule,78,Curepto,1,Municipal,465.3157894736842,5.818507472080971,67.0
7,Maule,79,Curicó,1,Municipal,505.90355805243445,5.747158396318092,645.0
7,Maule,79,Curicó,2,Particular Subvencionado,517.6271881838074,5.726037209865077,2099.0
7,Maule,79,Curicó,3,Particular Pagado,598.9858490566038,5.918810816068907,372.0
7,Maule,79,Curicó,4,Corporación de Administración Delegada,457.2560137457045,5.5198241322483845,398.0
7,Maule,88,Empedrado,1,Municipal,426.5833333333333,5.4815384057851935,13.0
7,Maule,105,Hualañé,1,Municipal,491.83196721311475,5.93294120536131,136.0
7,Maule,137,Licantén,1,Municipal,494.11224489795916,5.879310394155568,58.0
7,Maule,139,Linares,1,Municipal,486.5295670538543,5.551477491963017,1111.0
7,Maule,139,Linares,2,Particular Subvencionado,522.0801312089972,5.650000006189518,1172.0
7,Maule,139,Linares,3,Particular Pagado,624.6052631578947,5.981304334557575,23.0
7,Maule,148,Longaví,1,Municipal,461.4402173913044,5.731397064293132,136.0
7,Maule,148,Longaví,2,Particular Subvencionado,482.6136363636364,5.687763170192116,76.0
7,Maule,168,Maule,2,Particular Subvencionado,486.88461538461536,5.818251749852321,143.0
7,Maule,168,Maule,4,Corporación de Administración Delegada,423.16326530612247,5.458472232023875,72.0
7,Maule,173,Molina,1,Municipal,451.177304964539,5.6601807324283095,166.0
7,Maule,173,Molina,2,Particular Subvencionado,452.7463054187192,5.743415646101712,243.0
7,Maule,173,Molina,4,Corporación de Administración Delegada,452.44545454545454,5.4803947398537085,76.0
7,Maule,204,Parral,1,Municipal,454.1580310880829,5.566306313952884,222.0
7,Maule,204,Parral,2,Particular Subvencionado,546.6153846153846,5.7561605519689865,461.0
7,Maule,206,Pelarco,1,Municipal,375.4642857142857,5.645614038433945,57.0
7,Maule,207,Pelluhue,1,Municipal,479.212962962963,5.783749989100865,56.0
7,Maule,209,Pencahue,1,Municipal,396.6666666666667,6.0131578947368425,19.0
7,Maule,261,Rauco,1,Municipal,385.1666666666667,5.6877777311537,9.0
7,Maule,267,Retiro,1,Municipal,434.1326530612245,5.608451345325571,226.0
7,Maule,267,Retiro,2,Particular Subvencionado,449.6063829787234,5.479636374386874,55.0
7,Maule,270,Rio Claro,1,Municipal,405.1666666666667,5.274827628300108,29.0
7,Maule,275,Romeral,1,Municipal,449.5978260869565,5.529838692757391,62.0
7,Maule,275,Romeral,2,Particular Subvencionado,428.15,5.709200019836426,25.0
7,Maule,277,Sagrada Familia,1,Municipal,430.6136363636364,5.5639999798366,35.0
7,Maule,282,San Clemente,1,Municipal,430.8775510204082,5.449493697926968,79.0
7,Maule,282,San Clemente,2,Particular Subvencionado,506.82758620689657,5.761864403546867,59.0
7,Maule,289,San Javier,1,Municipal,428.95180722891564,5.441872909316251,299.0
7,Maule,289,San Javier,2,Particular Subvencionado,520.3006993006993,5.6844516210658576,466.0
7,Maule,311,Talca,1,Municipal,499.08574660633485,5.698486052298237,2550.0
7,Maule,311,Talca,2,Particular Subvencionado,491.7176061493411,5.630058244299788,3102.0
7,Maule,311,Talca,3,Particular Pagado,615.2701492537313,6.191801571659258,383.0
7,Maule,315,Teno,1,Municipal,444.39622641509436,5.585301221135151,83.0
7,Maule,315,Teno,2,Particular Subvencionado,500.1595744680851,5.783108630876862,267.0
7,Maule,332,Vichuquén,1,Municipal,479.94594594594594,5.732432429854934,37.0
7,Maule,336,Villa Alegre,1,Municipal,420.98275862068965,5.917234035248452,47.0
7,Maule,336,Villa Alegre,2,Particular Subvencionado,385.38235294117646,5.6419444349077015,36.0
7,Maule,341,Yerbas Buenas,1,Municipal,410.94736842105266,5.484247785753908,113.0
7,Maule,341,Yerbas Buenas,4,Corporación de Administración Delegada,456.6666666666667,5.426400012969971,50.0
8,Biobío,3,Alto Bio Bio,1,Municipal,368.9583333333333,5.514814818346942,27.0
8,Biobío,10,Antuco,1,Municipal,417.9186046511628,5.705918380192348,49.0
8,Biobío,11,Arauco,1,Municipal,448.06969696969696,5.562887142962358,383.0
8,Biobío,11,Arauco,2,Particular Subvencionado,520.7687224669603,5.700288064195296,243.0
8,Biobío,11,Arauco,3,Particular Pagado,659.8636363636364,5.985714316368103,28.0
8,Biobío,15,Bulnes,1,Municipal,438.6388888888889,5.768832133634247,138.0
8,Biobío,15,Bulnes,2,Particular Subvencionado,500.0,5.748367350928637,196.0
8,Biobío,18,Cabrero,1,Municipal,432.0404858299595,5.6707796662540755,295.0
8,Biobío,18,Cabrero,2,Particular Subvencionado,492.8378378378378,5.7381395628285965,86.0
8,Biobío,28,Cañete,1,Municipal,461.0817490494297,5.658221504032212,298.0
8,Biobío,28,Cañete,2,Particular Subvencionado,494.0868902439024,5.744678225847754,406.0
8,Biobío,41,Chiguayante,1,Municipal,444.4065040650407,5.4140909296093565,132.0
8,Biobío,41,Chiguayante,2,Particular Subvencionado,519.9868819374369,5.536721316408807,1099.0
8,Biobío,41,Chiguayante,3,Particular Pagado,624.9170984455959,5.9030493428354305,224.0
8,Biobío,43,Chillán,1,Municipal,458.75415282392026,5.726470606667655,359.0
8,Biobío,43,Chillán,2,Particular Subvencionado,510.2068737607403,5.696719445709747,3417.0
8,Biobío,43,Chillán,3,Particular Pagado,601.0,5.990384603158022,78.0
8,Biobío,43,Chillán,4,Corporación de Administración Delegada,460.8268321513002,5.628791329289271,969.0
8,Biobío,44,Chillán Viejo,1,Municipal,430.6111111111111,5.829714284624372,35.0
8,Biobío,44,Chillán Viejo,2,Particular Subvencionado,523.9649122807018,5.76949151895814,59.0
8,Biobío,49,Cobquecura,1,Municipal,408.9166666666667,5.876329150380967,79.0
8,Biobío,53,Coelemu,1,Municipal,469.4396984924623,5.843695657149605,232.0
8,Biobío,53,Coelemu,2,Particular Subvencionado,587.55,6.19634145643653,41.0
8,Biobío,55,Coihueco,1,Municipal,439.9264705882353,5.531279064888178,86.0
8,Biobío,55,Coihueco,2,Particular Subvencionado,470.241935483871,5.86583333545261,72.0
8,Biobío,64,Concepción,1,Municipal,493.3772522522523,5.568921923457225,1993.0
8,Biobío,64,Concepción,2,Particular Subvencionado,517.1012542061793,5.62543874768495,3651.0
8,Biobío,64,Concepción,3,Particular Pagado,564.3918918918919,5.758816934826049,1164.0
8,Biobío,64,Concepción,4,Corporación de Administración Delegada,459.84539190353144,5.624577308736135,1313.0
8,Biobío,67,Contulmo,1,Municipal,460.125,5.75518517140989,54.0
8,Biobío,70,Coronel,1,Municipal,460.01048617731175,5.5588438397753945,1168.0
8,Biobío,70,Coronel,2,Particular Subvencionado,493.7711771177118,5.60119684655164,1013.0
8,Biobío,70,Coronel,4,Corporación de Administración Delegada,439.46875,5.450476260412307,21.0
8,Biobío,76,Curanilahue,1,Municipal,480.8133159268929,5.813120731188659,439.0
8,Biobío,76,Curanilahue,2,Particular Subvencionado,483.99590163934425,5.6988235431558945,136.0
8,Biobío,84,El Carmen,1,Municipal,464.51293103448273,5.819555586355704,135.0
8,Biobío,91,Florida,1,Municipal,446.1136363636364,5.506200032234192,100.0
8,Biobío,106,Hualpén,1,Municipal,436.63422818791946,5.4800555811987985,180.0
8,Biobío,106,Hualpén,2,Particular Subvencionado,525.5430711610487,5.657684220765766,285.0
8,Biobío,107,Hualqui,1,Municipal,432.61504424778764,5.582462684432072,134.0
8,Biobío,107,Hualqui,2,Particular Subvencionado,400.6666666666667,5.40142856325422,7.0
8,Biobío,131,Laja,1,Municipal,472.2142857142857,5.795757595938865,397.0
8,Biobío,131,Laja,2,Particular Subvencionado,459.0703125,5.712207812767525,77.0
8,Biobío,131,Laja,3,Particular Pagado,690.3846153846154,6.320666662851969,15.0
8,Biobío,136,Lebu,1,Municipal,480.99834437086093,5.763535927672413,363.0
8,Biobío,150,Los Alamos,1,Municipal,446.2979797979798,5.70595042961688,121.0
8,Biobío,150,Los Alamos,2,Particular Subvencionado,433.3333333333333,5.535166660944621,60.0
8,Biobío,152,Los Angeles,1,Municipal,476.94299923488904,5.539753508520158,1503.0
8,Biobío,152,Los Angeles,2,Particular Subvencionado,499.6641095890411,5.562110636432098,2063.0
8,Biobío,152,Los Angeles,3,Particular Pagado,608.1986301369863,5.82235294603834,257.0
8,Biobío,152,Los Angeles,4,Corporación de Administración Delegada,420.2906976744186,5.425178570406778,56.0
8,Biobío,157,Lota,1,Municipal,447.5643340857788,5.623785855893195,524.0
8,Biobío,157,Lota,2,Particular Subvencionado,526.0567765567765,5.816366574388608,311.0
8,Biobío,176,Mulchén,1,Municipal,459.7508960573477,5.504268301696312,328.0
8,Biobío,177,Nacimiento,1,Municipal,467.59929078014187,5.845485914463533,319.0
8,Biobío,177,Nacimiento,2,Particular Subvencionado,514.3473053892216,5.811988972827216,181.0
8,Biobío,181,Negrete,1,Municipal,418.93548387096774,5.625428540366037,35.0
8,Biobío,181,Negrete,2,Particular Subvencionado,429.1818181818182,5.803999996185302,15.0
8,Biobío,182,Ninhue,1,Municipal,480.79545454545456,5.973200016021728,25.0
8,Biobío,185,Ñiquén,1,Municipal,438.43548387096774,5.660519507024195,77.0
8,Biobío,208,Pemuco,1,Municipal,458.7142857142857,5.609090916522137,78.0
8,Biobío,210,Penco,1,Municipal,429.41333333333336,5.5593181929805064,177.0
8,Biobío,210,Penco,2,Particular Subvencionado,534.2430555555555,5.732988532932326,87.0
8,Biobío,220,Pinto,1,Municipal,464.2613636363636,5.819400005340576,50.0
8,Biobío,220,Pinto,2,Particular Subvencionado,446.28225806451616,5.841176481807933,68.0
8,Biobío,224,Portezuelo,1,Municipal,449.39130434782606,5.869642887796674,28.0
8,Biobío,224,Portezuelo,2,Particular Subvencionado,449.34615384615387,5.916000048319499,15.0
8,Biobío,248,Quilaco,1,Municipal,405.09090909090907,5.388461553133451,13.0
8,Biobío,250,Quilleco,1,Municipal,432.8018867924528,5.6089062467217445,64.0
8,Biobío,250,Quilleco,2,Particular Subvencionado,422.5,5.736666679382324,6.0
8,Biobío,251,Quillón,1,Municipal,441.48,5.6940000100569295,55.0
8,Biobío,258,Quirihue,1,Municipal,451.36309523809524,5.891764720280965,102.0
8,Biobío,258,Quirihue,2,Particular Subvencionado,494.22857142857146,5.937368430589375,38.0
8,Biobío,260,Ranquil,1,Municipal,467.5777777777778,5.662745120478611,51.0
8,Biobío,281,San Carlos,1,Municipal,445.703007518797,5.795266454870051,323.0
8,Biobío,281,San Carlos,2,Particular Subvencionado,534.2347161572052,5.7894810488124095,502.0
8,Biobío,284,San Fabián,1,Municipal,496.22857142857146,5.72055557039049,36.0
8,Biobío,288,San Ignacio,1,Municipal,423.6171875,5.905761592435521,153.0
8,Biobío,288,San Ignacio,2,Particular Subvencionado,461.25,5.7463635820331,33.0
8,Biobío,294,San Nicolás,1,Municipal,525.0923076923077,5.854788159919997,236.0
8,Biobío,298,San Pedro De La Paz,1,Municipal,442.2481481481482,5.506708074060286,164.0
8,Biobío,298,San Pedro De La Paz,2,Particular Subvencionado,529.2471461187215,5.657112028958986,978.0
8,Biobío,298,San Pedro De La Paz,3,Particular Pagado,610.4657142857143,5.8773891632192825,203.0
8,Biobío,301,San Rosendo,1,Municipal,456.60714285714283,5.710465131804001,43.0
8,Biobío,303,Santa Bárbara,1,Municipal,439.78395061728395,5.6668367580491665,98.0
8,Biobío,303,Santa Bárbara,2,Particular Subvencionado,444.4918032786885,5.5691139305694195,79.0
8,Biobío,305,Santa Juana,1,Municipal,455.6764705882353,5.505136989567378,146.0
8,Biobío,312,Talcahuano,1,Municipal,448.4481519507187,5.46088184376873,1138.0
8,Biobío,312,Talcahuano,2,Particular Subvencionado,529.3191927512356,5.646421618508112,1337.0
8,Biobío,312,Talcahuano,3,Particular Pagado,631.7403100775193,5.993031363869378,287.0
8,Biobío,312,Talcahuano,4,Corporación de Administración Delegada,487.28612716763007,5.4311734875854185,196.0
8,Biobío,320,Tirua,1,Municipal,428.42391304347825,5.816567200333325,67.0
8,Biobío,323,Tomé,1,Municipal,470.36670838548184,5.726617824937203,888.0
8,Biobío,323,Tomé,4,Corporación de Administración Delegada,463.9724409448819,5.613216800289554,143.0
8,Biobío,327,Trehuaco,1,Municipal,443.43636363636364,5.854843780398369,64.0
8,Biobío,327,Trehuaco,2,Particular Subvencionado,360.05555555555554,6.009999950726827,12.0
8,Biobío,328,Tucapel,1,Municipal,438.5187969924812,5.734840769676646,158.0
8,Biobío,342,Yumbel,1,Municipal,443.40425531914894,5.554027786961308,216.0
8,Biobío,342,Yumbel,2,Particular Subvencionado,514.1666666666666,5.806666687802151,111.0
8,Biobío,343,Yungay,1,Municipal,437.09183673469386,5.701966285705566,178.0
8,Biobío,343,Yungay,2,Particular Subvencionado,576.2272727272727,6.03762886696255,97.0
9,Araucanía,8,Angol,1,Municipal,466.28506787330315,5.50771085644662,747.0
9,Araucanía,8,Angol,2,Particular Subvencionado,519.222891566265,5.680476208122409,295.0
9,Araucanía,8,Angol,3,Particular Pagado,655.6896551724138,6.2207692464192705,39.0
9,Araucanía,8,Angol,4,Corporación de Administración Delegada,449.1573033707865,5.123551382082645,107.0
9,Araucanía,29,Carahue,1,Municipal,457.3872549019608,5.597805908460657,237.0
9,Araucanía,29,Carahue,2,Particular Subvencionado,433.4146341463415,5.530188695439753,53.0
9,Araucanía,46,Cholchol,2,Particular Subvencionado,438.5174418604651,5.574084503549925,142.0
9,Araucanía,60,Collipulli,1,Municipal,439.62345679012344,5.540707967977609,113.0
9,Araucanía,60,Collipulli,2,Particular Subvencionado,495.2402597402597,5.519534892814104,87.0
9,Araucanía,72,Cunco,1,Municipal,493.4655172413793,5.7163414761302915,123.0
9,Araucanía,72,Cunco,2,Particular Subvencionado,446.96268656716416,5.507485719408308,175.0
9,Araucanía,73,Curacautín,1,Municipal,485.6192307692308,5.711456968294864,151.0
9,Araucanía,73,Curacautín,4,Corporación de Administración Delegada,427.1923076923077,5.628043485724407,46.0
9,Araucanía,77,Curarrehue,1,Municipal,386.4583333333333,5.36596157000615,52.0
9,Araucanía,89,Ercilla,1,Municipal,431.1666666666667,5.713636311617765,12.0
9,Araucanía,89,Ercilla,2,Particular Subvencionado,475.5,5.3569999694824215,10.0
9,Araucanía,92,Freire,1,Municipal,426.08196721311475,5.603690493674505,84.0
9,Araucanía,92,Freire,2,Particular Subvencionado,396.78125,5.414230768497173,26.0
9,Araucanía,98,Galvarino,1,Municipal,437.06716417910445,5.487311840057373,93.0
9,Araucanía,98,Galvarino,2,Particular Subvencionado,412.7,5.604666646321615,30.0
9,Araucanía,100,Gorbea,1,Municipal,415.0660377358491,5.390641029064472,79.0
9,Araucanía,100,Gorbea,2,Particular Subvencionado,453.5,5.5180000305175785,5.0
9,Araucanía,135,Lautaro,1,Municipal,468.8276923076923,5.6329104497064995,403.0
9,Araucanía,135,Lautaro,2,Particular Subvencionado,385.8333333333333,5.35043478012085,23.0
9,Araucanía,147,Loncoche,1,Municipal,503.3252688172043,5.538940097879155,217.0
9,Araucanía,147,Loncoche,2,Particular Subvencionado,458.62142857142857,5.6416883220920315,77.0
9,Araucanía,149,Lonquimay,1,Municipal,441.51162790697674,5.838571446282523,98.0
9,Araucanía,155,Los Sauces,1,Municipal,394.1194029850746,5.479120862352979,91.0
9,Araucanía,158,Lumaco,1,Municipal,394.48333333333335,5.4863829714186645,47.0
9,Araucanía,171,Melipeuco,1,Municipal,461.4166666666667,5.536153830014742,13.0
9,Araucanía,171,Melipeuco,2,Particular Subvencionado,408.10526315789474,5.884137926430538,29.0
9,Araucanía,184,Nueva Imperial,1,Municipal,437.67539267015707,5.473256896395202,218.0
9,Araucanía,184,Nueva Imperial,2,Particular Subvencionado,465.33992805755395,5.542680137095602,353.0
9,Araucanía,184,Nueva Imperial,4,Corporación de Administración Delegada,445.0086206896552,5.285277783870697,72.0
9,Araucanía,194,Padre Las Casas,2,Particular Subvencionado,459.8926553672316,5.395465851817319,484.0
9,Araucanía,214,Perquenco,1,Municipal,433.14383561643837,5.547173914702042,94.0
9,Araucanía,214,Perquenco,2,Particular Subvencionado,430.1666666666667,5.398750007152557,8.0
9,Araucanía,222,Pitrufquén,1,Municipal,475.0967741935484,5.732325589934061,172.0
9,Araucanía,222,Pitrufquén,2,Particular Subvencionado,473.07593457943926,5.634071857391479,501.0
9,Araucanía,230,Pucón,1,Municipal,481.45604395604397,5.528673478535244,98.0
9,Araucanía,230,Pucón,2,Particular Subvencionado,485.9136363636364,5.582028470429662,282.0
9,Araucanía,240,Purén,1,Municipal,457.08015267175574,5.673589764497219,157.0
9,Araucanía,263,Renaico,1,Municipal,406.96153846153845,5.520400047302246,55.0
9,Araucanía,276,Saavedra,1,Municipal,442.9791666666667,5.585000011656019,37.0
9,Araucanía,276,Saavedra,2,Particular Subvencionado,414.6666666666667,5.418518507922137,54.0
9,Araucanía,314,Temuco,1,Municipal,503.45434969853574,5.502832201998978,1323.0
9,Araucanía,314,Temuco,2,Particular Subvencionado,512.6651701323251,5.5108739906210245,4942.0
9,Araucanía,314,Temuco,3,Particular Pagado,604.3091787439613,5.878315794091476,476.0
9,Araucanía,314,Temuco,4,Corporación de Administración Delegada,445.6363636363636,5.38666668453732,111.0
9,Araucanía,316,Teodoro Schmidt,1,Municipal,419.0810810810811,5.5555102095312,49.0
9,Araucanía,316,Teodoro Schmidt,2,Particular Subvencionado,483.375,5.447499990463257,4.0
9,Araucanía,322,Toltén,1,Municipal,432.8125,5.679016394693344,61.0
9,Araucanía,322,Toltén,2,Particular Subvencionado,407.0,5.53000020980835,1.0
9,Araucanía,326,Traiguén,1,Municipal,444.6385542168675,5.661465994350573,191.0
9,Araucanía,326,Traiguén,2,Particular Subvencionado,500.5430107526882,5.661610183069262,118.0
9,Araucanía,333,Victoria,1,Municipal,440.21311475409834,5.494551282662612,313.0
9,Araucanía,333,Victoria,2,Particular Subvencionado,482.1763085399449,5.603409107164903,440.0
9,Araucanía,335,Vilcún,1,Municipal,484.68666666666667,5.58445652153181,92.0
9,Araucanía,335,Vilcún,2,Particular Subvencionado,457.9784482758621,5.581818194100351,132.0
9,Araucanía,338,Villarrica,1,Municipal,492.13775510204084,5.544127435235105,361.0
9,Araucanía,338,Villarrica,2,Particular Subvencionado,509.7976011994003,5.643089144803374,821.0
9,Araucanía,338,Villarrica,3,Particular Pagado,571.8916666666667,5.800895527227601,68.0
10,Los Lagos,6,Ancud,1,Municipal,522.9784946236559,5.766190503892444,210.0
10,Los Lagos,6,Ancud,2,Particular Subvencionado,483.61147186147184,5.616537042900368,543.0
10,Los Lagos,20,Calbuco,1,Municipal,450.6927374301676,5.551793722828408,223.0
10,Los Lagos,20,Calbuco,2,Particular Subvencionado,499.7090909090909,5.645985932417319,142.0
10,Los Lagos,32,Castro,1,Municipal,513.3813559322034,5.820729741534671,740.0
10,Los Lagos,32,Castro,2,Particular Subvencionado,497.96278317152104,5.675126279243315,396.0
10,Los Lagos,37,Chaitén,1,Municipal,453.5892857142857,5.596000003814697,30.0
10,Los Lagos,47,Chonchi,1,Municipal,452.95454545454544,5.459428582872663,70.0
10,Los Lagos,47,Chonchi,2,Particular Subvencionado,453.42857142857144,5.730000027588436,112.0
10,Los Lagos,50,Cochamó,1,Municipal,426.0,5.489999987862327,11.0
10,Los Lagos,75,Curaco De Vélez,1,Municipal,434.90714285714284,5.715357104937236,85.0
10,Los Lagos,80,Dalcahue,1,Municipal,420.78846153846155,5.579428577423096,35.0
10,Los Lagos,94,Fresia,1,Municipal,449.51612903225805,5.650779210127793,77.0
10,Los Lagos,94,Fresia,2,Particular Subvencionado,417.27620967741933,5.467454546148127,276.0
10,Los Lagos,95,Frutillar,1,Municipal,457.79651162790697,5.3883182005448775,220.0
10,Los Lagos,95,Frutillar,2,Particular Subvencionado,531.3108108108108,5.776341461553806,41.0
10,Los Lagos,95,Frutillar,3,Particular Pagado,580.8181818181819,5.982499957084656,12.0
10,Los Lagos,96,Futaleufú,1,Municipal,469.4594594594595,5.712926864624023,41.0
10,Los Lagos,96,Futaleufú,2,Particular Subvencionado,401.0,,1.0
10,Los Lagos,104,Hualaihué,1,Municipal,470.4795918367347,5.8357376817797055,61.0
10,Los Lagos,104,Hualaihué,2,Particular Subvencionado,430.6,5.755555629730225,18.0
10,Los Lagos,141,Llanquihue,1,Municipal,437.53846153846155,5.454302344211312,86.0
10,Los Lagos,141,Llanquihue,2,Particular Subvencionado,470.0581395348837,5.634509806539498,51.0
10,Los Lagos,154,Los Muermos,1,Municipal,432.9594594594595,5.5249523934863864,106.0
10,Los Lagos,154,Los Muermos,2,Particular Subvencionado,457.6422764227642,5.462272716291023,132.0
10,Los Lagos,169,Maullín,1,Municipal,447.4308510638298,5.607727276195179,110.0
10,Los Lagos,169,Maullín,2,Particular Subvencionado,404.5,5.559999942779541,5.0
10,Los Lagos,191,Osorno,1,Municipal,486.8012752391073,5.465690313880123,1074.0
10,Los Lagos,191,Osorno,2,Particular Subvencionado,496.0371621621622,5.550551580836233,1399.0
10,Los Lagos,191,Osorno,3,Particular Pagado,625.2941176470588,5.861207873633738,356.0
10,Los Lagos,198,Palena,1,Municipal,517.0,6.00631580854717,19.0
10,Los Lagos,233,Puerto Montt,1,Municipal,478.77468007312615,5.524480346883281,1429.0
10,Los Lagos,233,Puerto Montt,2,Particular Subvencionado,502.52960840496655,5.50951190342954,2446.0
10,Los Lagos,233,Puerto Montt,3,Particular Pagado,635.2448979591836,5.979326256623505,282.0
10,Los Lagos,234,Puerto Octay,1,Municipal,441.88235294117646,5.442162165770659,37.0
10,Los Lagos,234,Puerto Octay,2,Particular Subvencionado,472.3529411764706,5.52128206155239,39.0
10,Los Lagos,235,Puerto Varas,1,Municipal,439.8536585365854,5.520243914534406,207.0
10,Los Lagos,235,Puerto Varas,2,Particular Subvencionado,539.1872852233677,5.607124607403057,313.0
10,Los Lagos,235,Puerto Varas,3,Particular Pagado,632.4791666666666,5.952350591758333,251.0
10,Los Lagos,241,Purranque,1,Municipal,446.2029702970297,5.546546781663414,140.0
10,Los Lagos,241,Purranque,2,Particular Subvencionado,508.4825581395349,5.554879239215943,208.0
10,Los Lagos,244,Puyehue,1,Municipal,423.2586206896552,5.785500001907349,40.0
10,Los Lagos,244,Puyehue,2,Particular Subvencionado,441.0731707317073,5.6298076923076925,52.0
10,Los Lagos,245,Queilén,1,Municipal,494.6818181818182,5.88166668301537,42.0
10,Los Lagos,246,Quellón,1,Municipal,448.2808988764045,5.5980816276706,245.0
10,Los Lagos,246,Quellón,2,Particular Subvencionado,506.63013698630135,5.676022746346214,88.0
10,Los Lagos,247,Quemchi,1,Municipal,426.48,5.55225807620633,31.0
10,Los Lagos,254,Quinchao,1,Municipal,488.83734939759034,5.670879138695015,91.0
10,Los Lagos,254,Quinchao,2,Particular Subvencionado,500.89285714285717,5.668644080727788,59.0
10,Los Lagos,273,Rio Negro,1,Municipal,444.1585365853659,5.5111904711950395,42.0
10,Los Lagos,273,Rio Negro,2,Particular Subvencionado,473.9625,5.635999989509583,40.0
10,Los Lagos,273,Rio Negro,4,Corporación de Administración Delegada,482.75531914893617,5.515507269596708,69.0
10,Los Lagos,292,San Juan De La Costa,1,Municipal,411.8125,5.418823578778436,17.0
10,Los Lagos,292,San Juan De La Costa,2,Particular Subvencionado,437.88461538461536,5.747647033018224,17.0
10,Los Lagos,295,San Pablo,1,Municipal,431.53225806451616,5.637468362156349,79.0
10,Los Lagos,295,San Pablo,2,Particular Subvencionado,399.8,5.4674999713897705,8.0
11,Aysén,13,Aysén,1,Municipal,422.09090909090907,5.314202156472714,188.0
11,Aysén,13,Aysén,2,Particular Subvencionado,504.5492957746479,5.579925115635333,268.0
11,Aysén,42,Chile Chico,1,Municipal,479.9078947368421,5.576170231433625,47.0
11,Aysén,48,Cisnes,1,Municipal,482.85869565217394,5.639574477013121,48.0
11,Aysén,51,Cochrane,1,Municipal,503.15,5.546808537016523,47.0
11,Aysén,54,Coihaique,1,Municipal,466.85238095238094,5.650078136473894,128.0
11,Aysén,54,Coihaique,2,Particular Subvencionado,485.74657534246575,5.59104418390726,1250.0
11,Aysén,54,Coihaique,4,Corporación de Administración Delegada,394.5,5.499047642662411,21.0
12,Magallanes,17,Cabo De Hornos,1,Municipal,506.4130434782609,5.804400024414062,25.0
12,Magallanes,179,Natales,1,Municipal,439.91747572815535,5.70537881417708,132.0
12,Magallanes,179,Natales,2,Particular Subvencionado,454.34615384615387,5.719369748059441,238.0
12,Magallanes,225,Porvenir,1,Municipal,462.44642857142856,5.7817894684640985,96.0
12,Magallanes,225,Porvenir,2,Particular Subvencionado,384.21800947867297,5.222695659554523,231.0
12,Magallanes,238,Punta Arenas,1,Municipal,465.2080838323353,5.721072292902384,833.0
12,Magallanes,238,Punta Arenas,2,Particular Subvencionado,517.9686369119421,5.71418508044302,952.0
12,Magallanes,238,Punta Arenas,3,Particular Pagado,566.9572368421053,5.907571435655866,353.0
13,Region Metropolitana Santiago,2,Alhué,1,Municipal,476.2916666666667,6.043783793578276,37.0
13,Region Metropolitana Santiago,14,Buin,1,Municipal,428.86937716262975,5.517481599535261,682.0
13,Region Metropolitana Santiago,14,Buin,2,Particular Subvencionado,495.40531561461796,5.68874233778269,658.0
13,Region Metropolitana Santiago,14,Buin,3,Particular Pagado,620.1852678571429,5.993346312630501,257.0
13,Region Metropolitana Santiago,23,Calera De Tango,1,Municipal,409.0328947368421,5.565399985313416,100.0
13,Region Metropolitana Santiago,23,Calera De Tango,2,Particular Subvencionado,421.2866666666667,5.343604670014492,87.0
13,Region Metropolitana Santiago,23,Calera De Tango,3,Particular Pagado,607.6864864864865,5.950250015258789,200.0
13,Region Metropolitana Santiago,35,Cerrillos,1,Municipal,416.7105263157895,5.555714300700596,56.0
13,Region Metropolitana Santiago,35,Cerrillos,2,Particular Subvencionado,492.8515625,5.379837408852217,863.0
13,Region Metropolitana Santiago,36,Cerro Navia,1,Municipal,412.78125,5.390530617383062,249.0
13,Region Metropolitana Santiago,36,Cerro Navia,2,Particular Subvencionado,425.96305418719214,5.367578130215406,257.0
13,Region Metropolitana Santiago,59,Colina,1,Municipal,433.9901129943503,5.449895596006353,874.0
13,Region Metropolitana Santiago,59,Colina,2,Particular Subvencionado,464.54553903345726,5.436306464287543,622.0
13,Region Metropolitana Santiago,59,Colina,3,Particular Pagado,624.2151898734177,6.112500009291312,547.0
13,Region Metropolitana Santiago,65,Conchalí,1,Municipal,465.2429149797571,5.305430477028651,303.0
13,Region Metropolitana Santiago,65,Conchalí,2,Particular Subvencionado,476.19464720194645,5.456353963311039,472.0
13,Region Metropolitana Santiago,74,Curacaví,1,Municipal,427.2455621301775,5.701776652166686,197.0
13,Region Metropolitana Santiago,74,Curacaví,2,Particular Subvencionado,477.65810276679844,5.600106020277043,284.0
13,Region Metropolitana Santiago,74,Curacaví,3,Particular Pagado,575.5,5.76666669845581,15.0
13,Region Metropolitana Santiago,83,El Bosque,1,Municipal,460.5542168674699,5.3891958156665725,290.0
13,Region Metropolitana Santiago,83,El Bosque,2,Particular Subvencionado,498.6732409381663,5.44594331301721,2165.0
13,Region Metropolitana Santiago,85,El Monte,1,Municipal,428.77777777777777,5.606486475145495,38.0
13,Region Metropolitana Santiago,85,El Monte,2,Particular Subvencionado,430.4949494949495,5.290763907962376,147.0
13,Region Metropolitana Santiago,90,Estacion Central,1,Municipal,428.24415584415584,5.371995757846062,481.0
13,Region Metropolitana Santiago,90,Estacion Central,2,Particular Subvencionado,501.73214285714283,5.399488032897773,1217.0
13,Region Metropolitana Santiago,90,Estacion Central,3,Particular Pagado,611.1470588235294,5.808345862797329,134.0
13,Region Metropolitana Santiago,90,Estacion Central,4,Corporación de Administración Delegada,437.33505154639175,5.490535710539136,114.0
13,Region Metropolitana Santiago,110,Huechuraba,1,Municipal,389.7325581395349,5.335492966880261,71.0
13,Region Metropolitana Santiago,110,Huechuraba,2,Particular Subvencionado,448.39942528735634,5.411719458135544,221.0
13,Region Metropolitana Santiago,110,Huechuraba,3,Particular Pagado,599.0968169761273,5.887450987217473,410.0
13,Region Metropolitana Santiago,112,Independencia,1,Municipal,470.0520134228188,5.557544389420007,343.0
13,Region Metropolitana Santiago,112,Independencia,2,Particular Subvencionado,469.888782358581,5.4957326998073315,1254.0
13,Region Metropolitana Santiago,112,Independencia,3,Particular Pagado,600.3660714285714,5.6516949362674005,59.0
13,Region Metropolitana Santiago,114,Isla De Maipo,1,Municipal,440.7086330935252,5.310717949500451,196.0
13,Region Metropolitana Santiago,114,Isla De Maipo,2,Particular Subvencionado,469.36241610738256,5.496585377832738,164.0
13,Region Metropolitana Santiago,117,La Cisterna,1,Municipal,469.1733746130031,5.3690185850431815,379.0
13,Region Metropolitana Santiago,117,La Cisterna,2,Particular Subvencionado,478.1781018898932,5.46168544357885,2849.0
13,Region Metropolitana Santiago,117,La Cisterna,3,Particular Pagado,568.2763157894736,5.738571439470563,42.0
13,Region Metropolitana Santiago,117,La Cisterna,4,Corporación de Administración Delegada,489.275,5.244439036671708,205.0
13,Region Metropolitana Santiago,120,La Florida,1,Municipal,458.35601799775026,5.385325173405855,1065.0
13,Region Metropolitana Santiago,120,La Florida,2,Particular Subvencionado,515.9965546043015,5.529635564063552,5395.0
13,Region Metropolitana Santiago,120,La Florida,3,Particular Pagado,584.0640809443507,5.793800913550376,665.0
13,Region Metropolitana Santiago,121,La Granja,1,Municipal,421.1553672316384,5.350333329041799,245.0
13,Region Metropolitana Santiago,121,La Granja,2,Particular Subvencionado,485.8228862973761,5.530511146760393,765.0
13,Region Metropolitana Santiago,124,La Pintana,1,Municipal,404.5154639175258,5.449624577479964,296.0
13,Region Metropolitana Santiago,124,La Pintana,2,Particular Subvencionado,471.37254213483146,5.46982551653893,1666.0
13,Region Metropolitana Santiago,125,La Reina,1,Municipal,458.2639484978541,5.280377362509194,318.0
13,Region Metropolitana Santiago,125,La Reina,2,Particular Subvencionado,542.4305949008499,5.608638755938146,385.0
13,Region Metropolitana Santiago,125,La Reina,3,Particular Pagado,616.6170858629662,5.995751747096054,1305.0
13,Region Metropolitana Santiago,134,Las Condes,1,Municipal,517.2665782493368,5.597453271117166,432.0
13,Region Metropolitana Santiago,134,Las Condes,2,Particular Subvencionado,571.3410041841004,5.588800785389353,521.0
13,Region Metropolitana Santiago,134,Las Condes,3,Particular Pagado,615.3176071538699,5.9701066310448745,3697.0
13,Region Metropolitana Santiago,143,Lo Barnechea,1,Municipal,432.37005649717514,5.398956541393114,231.0
13,Region Metropolitana Santiago,143,Lo Barnechea,2,Particular Subvencionado,528.1901408450705,5.469079496471453,240.0
13,Region Metropolitana Santiago,143,Lo Barnechea,3,Particular Pagado,640.9855895196506,6.14177253432957,1367.0
13,Region Metropolitana Santiago,144,Lo Espejo,1,Municipal,394.00384615384615,5.279903393436745,208.0
13,Region Metropolitana Santiago,144,Lo Espejo,2,Particular Subvencionado,469.7991266375546,5.514864882907352,261.0
13,Region Metropolitana Santiago,145,Lo Prado,1,Municipal,419.1666666666667,5.351965087990574,233.0
13,Region Metropolitana Santiago,145,Lo Prado,2,Particular Subvencionado,514.7122641509434,5.751441448658436,112.0
13,Region Metropolitana Santiago,160,Macul,1,Municipal,463.7737430167598,5.433185845349742,229.0
13,Region Metropolitana Santiago,160,Macul,2,Particular Subvencionado,519.1272189349113,5.547938838284066,760.0
13,Region Metropolitana Santiago,160,Macul,3,Particular Pagado,593.3816568047338,5.714074096982441,189.0
13,Region Metropolitana Santiago,162,Maipú,1,Municipal,507.31619937694705,5.5771186541064734,1124.0
13,Region Metropolitana Santiago,162,Maipú,2,Particular Subvencionado,512.8425322213799,5.54577123354017,7354.0
13,Region Metropolitana Santiago,162,Maipú,3,Particular Pagado,587.5259433962265,5.874678120592633,233.0
13,Region Metropolitana Santiago,162,Maipú,4,Corporación de Administración Delegada,476.490990990991,5.210483866353189,124.0
13,Region Metropolitana Santiago,166,Maria Pinto,1,Municipal,420.5,5.452289173401982,83.0
13,Region Metropolitana Santiago,172,Melipilla,1,Municipal,415.2205128205128,5.3931712519542865,478.0
13,Region Metropolitana Santiago,172,Melipilla,2,Particular Subvencionado,478.74532710280374,5.573623370783264,1680.0
13,Region Metropolitana Santiago,172,Melipilla,3,Particular Pagado,591.2896551724137,5.903949051146295,158.0
13,Region Metropolitana Santiago,186,Ñuñoa,1,Municipal,559.8002232142857,5.502497479879311,993.0
13,Region Metropolitana Santiago,186,Ñuñoa,2,Particular Subvencionado,484.2462344466274,5.395163406308606,1687.0
13,Region Metropolitana Santiago,186,Ñuñoa,3,Particular Pagado,591.0543393275997,5.828284913474664,1418.0
13,Region Metropolitana Santiago,186,Ñuñoa,4,Corporación de Administración Delegada,457.40567484662574,5.406022884339814,789.0
13,Region Metropolitana Santiago,193,Padre Hurtado,1,Municipal,389.7448979591837,5.364666684468587,60.0
13,Region Metropolitana Santiago,193,Padre Hurtado,2,Particular Subvencionado,475.4570747217806,5.5281039369240235,719.0
13,Region Metropolitana Santiago,197,Paine,1,Municipal,429.28629032258067,5.510388702891319,286.0
13,Region Metropolitana Santiago,197,Paine,2,Particular Subvencionado,504.66846652267816,5.666220000267029,501.0
13,Region Metropolitana Santiago,197,Paine,3,Particular Pagado,612.1470588235294,5.915128182142209,39.0
13,Region Metropolitana Santiago,205,Pedro Aguirre Cerda,1,Municipal,414.6216216216216,5.40182434545981,153.0
13,Region Metropolitana Santiago,205,Pedro Aguirre Cerda,2,Particular Subvencionado,497.43435754189943,5.357717956640782,395.0
13,Region Metropolitana Santiago,205,Pedro Aguirre Cerda,4,Corporación de Administración Delegada,408.70714285714286,5.281914913907964,96.0
13,Region Metropolitana Santiago,211,Peñaflor,1,Municipal,439.037037037037,5.415833353996277,96.0
13,Region Metropolitana Santiago,211,Peñaflor,2,Particular Subvencionado,472.0516039051604,5.526977837294375,859.0
13,Region Metropolitana Santiago,211,Peñaflor,3,Particular Pagado,552.2105263157895,5.901500010490418,20.0
13,Region Metropolitana Santiago,212,Peñalolén,1,Municipal,430.70512820512823,5.350507724627227,460.0
13,Region Metropolitana Santiago,212,Peñalolén,2,Particular Subvencionado,499.8911111111111,5.4860502334490215,1320.0
13,Region Metropolitana Santiago,212,Peñalolén,3,Particular Pagado,606.621546961326,5.947882709635892,1011.0
13,Region Metropolitana Santiago,221,Pirque,1,Municipal,424.7916666666667,5.382957747284795,72.0
13,Region Metropolitana Santiago,221,Pirque,2,Particular Subvencionado,458.4144736842105,5.604946249274797,93.0
13,Region Metropolitana Santiago,221,Pirque,3,Particular Pagado,535.3372093023256,5.791698122924229,53.0
13,Region Metropolitana Santiago,228,Providencia,1,Municipal,591.7493579866461,5.776877040376243,2170.0
13,Region Metropolitana Santiago,228,Providencia,2,Particular Subvencionado,527.1362994350283,5.596991049953368,782.0
13,Region Metropolitana Santiago,228,Providencia,3,Particular Pagado,570.1070192782995,5.725996490307333,2299.0
13,Region Metropolitana Santiago,231,Pudahuel,1,Municipal,428.00233644859816,5.4216187188951235,280.0
13,Region Metropolitana Santiago,231,Pudahuel,2,Particular Subvencionado,464.422821969697,5.517097572388688,1235.0
13,Region Metropolitana Santiago,231,Pudahuel,3,Particular Pagado,614.8384615384615,5.8144776429702985,68.0
13,Region Metropolitana Santiago,232,Puente Alto,1,Municipal,456.9075508228461,5.4111955752942835,1275.0
13,Region Metropolitana Santiago,232,Puente Alto,2,Particular Subvencionado,500.2008254166018,5.498431379707503,7260.0
13,Region Metropolitana Santiago,232,Puente Alto,3,Particular Pagado,582.6394422310757,5.833518529821325,273.0
13,Region Metropolitana Santiago,249,Quilicura,1,Municipal,405.4583333333333,5.38089110591624,207.0
13,Region Metropolitana Santiago,249,Quilicura,2,Particular Subvencionado,495.9870649106303,5.467275777060039,2404.0
13,Region Metropolitana Santiago,249,Quilicura,3,Particular Pagado,605.9782608695652,5.763168330239777,101.0
13,Region Metropolitana Santiago,256,Quinta Normal,1,Municipal,435.77671232876713,5.362307695242075,461.0
13,Region Metropolitana Santiago,256,Quinta Normal,2,Particular Subvencionado,493.987660944206,5.520400765287967,1051.0
13,Region Metropolitana Santiago,256,Quinta Normal,4,Corporación de Administración Delegada,467.1217391304348,5.371495106640984,409.0
13,Region Metropolitana Santiago,262,Recoleta,1,Municipal,431.4652406417112,5.500135331418421,749.0
13,Region Metropolitana Santiago,262,Recoleta,2,Particular Subvencionado,514.4924882629108,5.523216674725215,1201.0
13,Region Metropolitana Santiago,262,Recoleta,3,Particular Pagado,612.8846153846154,5.670620697942273,145.0
13,Region Metropolitana Santiago,262,Recoleta,4,Corporación de Administración Delegada,439.34331797235023,5.283902002981916,555.0
13,Region Metropolitana Santiago,264,Renca,1,Municipal,457.46516393442624,5.526166666348775,302.0
13,Region Metropolitana Santiago,264,Renca,2,Particular Subvencionado,474.9472295514512,5.387458755107078,912.0
13,Region Metropolitana Santiago,264,Renca,4,Corporación de Administración Delegada,489.6577380952381,5.438437511523564,192.0
13,Region Metropolitana Santiago,280,San Bernardo,1,Municipal,429.45240761478163,5.3966504883226065,1247.0
13,Region Metropolitana Santiago,280,San Bernardo,2,Particular Subvencionado,505.240415704388,5.57689457140016,2437.0
13,Region Metropolitana Santiago,280,San Bernardo,3,Particular Pagado,572.9630541871921,5.700995484088881,222.0
13,Region Metropolitana Santiago,280,San Bernardo,4,Corporación de Administración Delegada,453.9803149606299,5.3942013962401285,288.0
13,Region Metropolitana Santiago,290,San Joaquín,1,Municipal,391.51209677419354,5.512124991416931,166.0
13,Region Metropolitana Santiago,290,San Joaquín,2,Particular Subvencionado,469.02372262773724,5.507898104418615,319.0
13,Region Metropolitana Santiago,290,San Joaquín,4,Corporación de Administración Delegada,446.9505813953488,5.25941705489907,223.0
13,Region Metropolitana Santiago,291,San José De Maipo,1,Municipal,407.75342465753425,5.336542062670271,107.0
13,Region Metropolitana Santiago,291,San José De Maipo,2,Particular Subvencionado,493.5128205128205,5.657011525384311,88.0
13,Region Metropolitana Santiago,293,San Miguel,1,Municipal,503.012012012012,5.36349367190011,397.0
13,Region Metropolitana Santiago,293,San Miguel,2,Particular Subvencionado,494.30504466631635,5.508939123241664,2180.0
13,Region Metropolitana Santiago,293,San Miguel,3,Particular Pagado,590.6870967741935,5.730000002342358,172.0
13,Region Metropolitana Santiago,293,San Miguel,4,Corporación de Administración Delegada,453.7482876712329,5.511261003108318,686.0
13,Region Metropolitana Santiago,296,San Pedro,1,Municipal,426.672131147541,5.486666679382324,66.0
13,Region Metropolitana Santiago,300,San Ramón,1,Municipal,398.55839416058393,5.307975908072598,418.0
13,Region Metropolitana Santiago,300,San Ramón,2,Particular Subvencionado,504.57125603864733,5.4464417225500315,492.0
13,Region Metropolitana Santiago,300,San Ramón,4,Corporación de Administración Delegada,430.625,5.228532121815813,109.0
13,Region Metropolitana Santiago,307,Santiago,1,Municipal,558.3767455391777,5.698594163574398,5831.0
13,Region Metropolitana Santiago,307,Santiago,2,Particular Subvencionado,501.7230442310719,5.483637640297238,7206.0
13,Region Metropolitana Santiago,307,Santiago,3,Particular Pagado,557.1790516631281,5.636820222045547,1574.0
13,Region Metropolitana Santiago,307,Santiago,4,Corporación de Administración Delegada,447.88819226750263,5.452359563436813,1159.0
13,Region Metropolitana Santiago,310,Talagante,1,Municipal,461.2332317073171,5.574598940936002,377.0
13,Region Metropolitana Santiago,310,Talagante,2,Particular Subvencionado,490.7805374592834,5.568566189443364,1367.0
13,Region Metropolitana Santiago,310,Talagante,3,Particular Pagado,592.5875,6.020714320634541,266.0
13,Region Metropolitana Santiago,318,Til-Til,1,Municipal,425.5593220338983,5.434357145854405,142.0
13,Region Metropolitana Santiago,318,Til-Til,2,Particular Subvencionado,497.25714285714287,5.7755263102682015,38.0
13,Region Metropolitana Santiago,340,Vitacura,1,Municipal,578.15,5.5951711179639,265.0
13,Region Metropolitana Santiago,340,Vitacura,2,Particular Subvencionado,562.241935483871,5.7781437199986625,170.0
13,Region Metropolitana Santiago,340,Vitacura,3,Particular Pagado,631.4709570957095,5.992808868001391,1725.0
13,Region Metropolitana Santiago,346,Lampa,1,Municipal,407.7133333333333,5.566923099909073,195.0
13,Region Metropolitana Santiago,346,Lampa,2,Particular Subvencionado,468.1345029239766,5.508609152176011,570.0
14,Los Ríos,71,Corral,1,Municipal,463.8181818181818,5.653174604688372,63.0
14,Los Ríos,97,Futrono,1,Municipal,433.72222222222223,5.373538472102239,65.0
14,Los Ríos,97,Futrono,2,Particular Subvencionado,488.3,5.590942415267385,191.0
14,Los Ríos,127,La Unión,1,Municipal,509.48837209302326,5.626617665851818,341.0
14,Los Ríos,127,La Unión,2,Particular Subvencionado,452.3398058252427,5.668795530869513,357.0
14,Los Ríos,127,La Unión,3,Particular Pagado,640.765625,5.987428637913295,35.0
14,Los Ríos,128,Lago Ranco,1,Municipal,465.53846153846155,5.635555585225423,90.0
14,Los Ríos,132,Lanco,1,Municipal,468.67557251908397,5.552787881908995,165.0
14,Los Ríos,132,Lanco,2,Particular Subvencionado,441.7307692307692,5.6492156982421875,102.0
14,Los Ríos,153,Los Lagos,1,Municipal,463.7518518518518,5.731677433752244,155.0
14,Los Ríos,153,Los Lagos,2,Particular Subvencionado,390.2236842105263,5.608235284393909,51.0
14,Los Ríos,161,Máfil,1,Municipal,412.25,5.670666673448351,45.0
14,Los Ríos,161,Máfil,2,Particular Subvencionado,440.25384615384615,5.6343421245876115,76.0
14,Los Ríos,167,Mariquina,1,Municipal,439.5357142857143,5.549743615663969,39.0
14,Los Ríos,167,Mariquina,2,Particular Subvencionado,532.42,5.580322593038533,217.0
14,Los Ríos,196,Paillaco,1,Municipal,483.7586206896552,5.885478727360989,189.0
14,Los Ríos,196,Paillaco,2,Particular Subvencionado,434.0673076923077,5.802982447440164,57.0
14,Los Ríos,200,Panguipulli,1,Municipal,513.8382352941177,5.812326396505038,288.0
14,Los Ríos,200,Panguipulli,2,Particular Subvencionado,434.0478927203065,5.654970427236614,338.0
14,Los Ríos,269,Rio Bueno,1,Municipal,446.9891891891892,5.551434607445439,237.0
14,Los Ríos,269,Rio Bueno,2,Particular Subvencionado,479.8819095477387,5.719484140002538,253.0
14,Los Ríos,329,Valdivia,1,Municipal,479.5669795221843,5.526159426785897,1385.0
14,Los Ríos,329,Valdivia,2,Particular Subvencionado,509.7367899603699,5.589376806731315,1737.0
14,Los Ríos,329,Valdivia,3,Particular Pagado,620.3909574468086,5.9436966977413235,211.0
15,Arica y Parinacota,12,Arica,1,Municipal,459.7456340167046,5.749065552648982,1553.0
15,Arica y Parinacota,12,Arica,2,Particular Subvencionado,475.52195009242143,5.634598934027649,2436.0
15,Arica y Parinacota,12,Arica,3,Particular Pagado,575.7516339869281,5.970765303592293,196.0
15,Arica y Parinacota,243,Putre,1,Municipal,419.40384615384613,5.386562518775463,64.0
